id,concept
1,Crazy Frog
2,Easter Bunny
3,Kewpie
4,Miss Cleo
5,Mr. Clean
6,Pink Panther 
7,Agent Smith
8,Ernest P. Worrell
9,Advertising
10,Automobile
11,Felix the Cat
12,Michelin Man
13,Morpheus 
14,Big Boy Restaurants
15,Hello Kitty
16,Alfred E. Neuman
17,Skipper 
18,Strawberry Shortcake
19,Bozo the Clown
20,Bugs Bunny
21,Betty Crocker
22,Kermit the Frog
23,Mac Tonight
24,Mario
25,Ronald McDonald
26,Minions 
27,Mickey
28,Mr. Peanut
29,Pikachu
30,Pillsbury Doughboy
31,Scooby-Doo 
32,Sonic the Hedgehog 
33,Spirit of Ecstasy
34,SpongeBob
35,Wendy Thomas
36,Tinker Bell
37,Woody Woodpecker
38,Easter egg
39,Aunt Jemima
40,Barbie
41,Nancy Green
42,Playboy Bunny
43,Food
44,Chef Boyardee
45,Willy Wonka
46,Billy the Puppet
47,Donald Duck
48,Fred Flintstone
49,Ken 
50,Leo the Lion 
51,Lucky Charms
52,Marlboro Man
53,Max Headroom
54,The Most Interesting Man in the World
55,The Noid
56,Eddie 
57,Public service announcement
58,Smokey Bear
59,Mascot
60,Mass media
61,History of advertising
62,Cola wars
63,Email spam
64,Fear of missing out
65,Guerrilla marketing
66,Social media marketing
67,A minor
68,A.E.I.O.U.
69,A7V
70,Snoh Aalegra
71,Aaliyah
72,Aam Aadmi Party
73,Aardman Animations
74,Animation
75,Casper the Friendly Ghost
76,Daffy Duck
77,Garfield 
78,Godzilla
79,Gollum
80,King Kong
81,Jimmy Neutron
82,Oswald the Lucky Rabbit
83,Popeye
84,Salad Fingers
85,Batgirl
86,Huntress 
87,Betty Boop
88,Daphne Blake
89,Lola Bunny
90,Catwoman
91,The Chipettes
92,Betty Cooper
93,Wendy Darling
94,Della Duck
95,Daisy Duck
96,Emma Frost
97,Dorothy Gale
98,Jean Grey
99,Veronica Lodge
100,Maleficent
101,Mammy Two Shoes
102,Mother Gothel
103,Minnie Mouse
104,Mystique 
105,Olive Oyl
106,Peppermint Patty
107,Jessica Rabbit
108,Sabrina Spellman
109,Storm 
110,Venus 
111,Wonder Twins
112,X-23
113,Aladdin 
114,Archie Andrews
115,King Arthur
116,Baby Huey
117,Bagheera
118,Baloo
119,Barbapapa
120,Bebop and Rocksteady
121,Black Panther 
122,Bluto
123,Charlie Brown
124,Dick Dastardly
125,Dr. Heinz Doofenshmirtz
126,Foghorn Leghorn
127,Forky
128,Geppetto
129,Speedy Gonzales
130,Max Goof
131,Goofy
132,The Great Gazoo
133,Grinch
134,Hong Kong Phooey
135,"Huey, Dewey, and Louie"
136,Jay and Silent Bob
137,Jerry Mouse
138,George Jetson
139,Fred Jones 
140,Jughead Jones
141,Krang
142,King Louie
143,Mr. Magoo
144,Marvin the Martian
145,Groot 
146,Rocket 
147,Link 
148,Warner Bros. Cartoons
149,Animaniacs 
150,Looney Tunes Cartoons
151,New Looney Tunes
152,Pingu
153,Screen Gems
154,Columbia Pictures
155,The Walt Disney Company
156,Davy Jones 
157,Jack Skellington
158,Frog and Toad
159,Hawk and Dove
160,Mermaid Man and Barnacle Boy
161,Pinky and the Brain
162,Plankton and Karen
163,The Rescuers
164,T.O.T.S.
165,Timon and Pumbaa
166,Tom and Jerry
167,Tweedledum and Tweedledee
168,Wile E. Coyote and the Road Runner
169,Paramount Pictures
170,Raggedy Ann
171,Fleischer Studios
172,Max Fleischer
173,Hanna-Barbera
174,Muttley
175,Scrappy-Doo
176,Snagglepuss
177,Space Ghost
178,Yogi Bear
179,Aang
180,Adrien Agreste
181,Azula
182,Batman 
183,Beavis
184,Toph Beifong
185,Bulma
186,Eric Cartman
187,Velma Dinkley
188,Marinette Dupain-Cheng
189,Doctor Eggman
190,Elmer Fudd
191,Evil Queen 
192,Lord Farquaad
193,Finn the Human
194,Princess Fiona
195,Ned Flanders
196,Phineas Flynn
197,Mr. Garrison
198,Gaston 
199,Lois Griffin
200,Meg Griffin
201,Peter Griffin
202,Stewie Griffin
203,He-Man
204,Herbert 
205,The Hex Girls
206,Captain Hook
207,Iroh
208,Jinx 
209,Joker 
210,Korra
211,Edna Krabappel
212,Krusty the Clown
213,Troy McClure
214,Edna Mode
215,Alucard 
216,Renee Montoya
217,Harley Quinn
218,She-Ra
219,Metro-Goldwyn-Mayer
220,United Artists
221,Droopy
222,Tom Cat
223,Alvin and the Chipmunks
224,The Archies
225,BanG Dream!
226,Dethklok
227,Ensemble Stars!
228,Fat Albert and the Cosby Kids
229,Gorillaz
230,Hi Hi Puffy AmiYumi
231,Jem 
232,Josie and the Pussycats 
233,K/DA
234,Simpson family
235,Sonic Underground
236,Merida 
237,Donkey 
238,Puss in Boots 
239,Shrek 
240,Gumby
241,Mighty Mouse
242,Ub Iwerks
243,Cartoon
244,Universal Pictures
245,Villain
246,Stock character
247,Crime
248,Play 
249,Novel
250,Evil
251,Rick Sanchez
252,Warner Bros.
253,Tasmanian Devil 
254,Werewolf
255,Film
256,Computer animation
257,Stop motion
258,Anti-Venom
259,Captain Atom
260,Cheetah 
261,Jonah Hex
262,Lucky Luke
263,Mary Marvel
264,Mister Terrific 
265,Negasonic Teenage Warhead
266,Robin 
267,Superman in film
268,Morticia Addams
269,Wednesday Addams
270,Talia al Ghul
271,Baroness 
272,Birds of Prey 
273,Cheryl Blossom
274,Clayface
275,Darna
276,Gomez Addams
277,Pugsley Addams
278,Cobra Commander
279,Wikimedia Commons
280,Black Canary
281,Power Girl
282,Alternative versions of Spider-Man
283,Black people
284,Comics
285,Black Lightning
286,Cyborg 
287,Falcon 
288,Lucius Fox
289,Miles Morales
290,Monica Rambeau
291,Uncle Ruckus
292,Static 
293,War Machine
294,Carl Grimes
295,Cryonics
296,Bucky Barnes
297,Captain America
298,Mr. Freeze
299,Omega Red
300,Red Skull
301,Sailor Moon 
302,Spider-Woman 
303,Wonder Man
304,Hellboy
305,Nezuko Kamado
306,Tanjiro Kamado
307,Majin Buu
308,Spawn 
309,Ryomen Sukuna
310,Calvin and Hobbes
311,Jack Harkness
312,Marceline the Vampire Queen
313,Countryballs
314,Orphan
315,Little Orphan Annie
316,Tarzan
317,Doraemon 
318,Superhero
319,Comic book
320,Blue Beetle
321,Leonardo 
322,Soldier Boy
323,Teenage Mutant Ninja Turtles
324,Liz Allan
325,Bart Allen
326,Blackfire 
327,Donatello 
328,Tim Drake
329,Iceman 
330,Invincible 
331,Michelangelo 
332,Kitty Pryde
333,Raphael 
334,Snow White 
335,Spider-Man
336,Superboy 
337,Teen Titans
338,Donna Troy
339,Wally West
340,Twin
341,Booster Gold
342,Captain Britain
343,Captain Marvel 
344,John Constantine
345,Jor-El
346,Martian Manhunter
347,Quicksilver 
348,Scarlet Witch
349,Skaar 
350,Wiccan 
351,Professor X
352,Nagato 
353,Itachi Uchiha
354,Madara Uchiha
355,Gargamel
356,Trollface
357,Wojak
358,Marvel Comics
359,DC Comics
360,Newspaper
361,Webcomic
362,World Wide Web
363,Media franchise
364,Characters of the DC Extended Universe
365,Characters of the Marvel Cinematic Universe
366,Irene Adler
367,Anna 
368,Arwen
369,Lyra Belacqua
370,Elizabeth Bennet
371,Kate Bishop 
372,Bo Peep 
373,The Bride 
374,Foxy Brown 
375,Daisy Buchanan
376,Sally Carrera
377,Peggy Carter 
378,Sharon Carter 
379,Sarah Connor 
380,Connie Corleone
381,Mary Corleone
382,Cosette
383,Tia Dalma
384,Carol Danvers 
385,Rachel Dawes
386,Blanche DuBois
387,Elphaba
388,Elsa 
389,Emmanuelle
390,Enchantress 
391,Enchantress 
392,Jyn Erso
393,Esmeralda 
394,Katniss Everdeen
395,Fantine
396,Jane Foster 
397,Imperator Furiosa
398,Galadriel
399,Gamora 
400,Elvira Hancock
401,Miss Havisham
402,Maria Hill
403,"Ilsa, She Wolf of the SS"
404,Invisible Woman
405,Lady Jessica
406,Bridget Jones
407,Kamala Khan 
408,Lois Lane
409,Princess Leia
410,Pippi Longstocking
411,Luna Lovegood
412,M 
413,Moira MacTaggert
414,Mantis 
415,Beverly Marsh
416,Wanda Maximoff 
417,Minerva McGonagall
418,Ali Mills 
419,MJ 
420,Miss Moneypenny
421,Mon Mothma
422,Mothra
423,Mrs. Doubtfire
424,Nala 
425,Admiral Ackbar
426,Cassian Andor
427,Artful Dodger
428,Frodo Baggins
429,Bruce Banner 
430,Bucky Barnes 
431,Clint Barton 
432,The BFG
433,Jar Jar Binks
434,Jacob Black
435,Sirius Black
436,James Bond 
437,Eddie Brock
438,Kyle Broflovski
439,Bumblebee 
440,Rhett Butler
441,Lando Calrissian
442,Chef 
443,Cheshire Cat
444,Fredo Corleone
445,Sonny Corleone
446,Phil Coulson
447,Edward Cullen
448,Arthur Curry 
449,Cyclops 
450,Poe Dameron
451,Silvio Dante
452,Mr. Darcy
453,Deadpool
454,Doctor Strange
455,Count Dracula
456,Albus Dumbledore
457,Mike Ehrmantraut
458,Eighth Doctor
459,Uncle Fester
460,Huckleberry Finn
461,Flash Gordon
462,Captain Flint
463,Nick Fury 
464,Gambit 
465,Samwise Gamgee
466,Jay Gatsby
467,Saw Gerrera
468,Gimli 
469,Groot
470,Paulie Gualtieri
471,Forrest Gump 
472,Rubeus Hagrid
473,Mickey Haller
474,Hawkeye 
475,Greg Heffley
476,Mycroft Holmes
477,Sherlock Holmes
478,Hulk
479,Shinji Ikari
480,Cousin Itt
481,BB-8
482,Chewbacca
483,Jiminy Cricket
484,Fozzie Bear
485,Hermione Granger
486,Doc Holliday
487,Felix Leiter
488,Lost Boys 
489,Mini-Me
490,Olaf 
491,Piglet 
492,R2-D2
493,Marion Ravenwood
494,Sallah
495,Tonto
496,Dr. Watson
497,Ron Weasley
498,Ennis Del Mar
499,Vladimir Harkonnen
500,Trini Kwan
501,Lestat de Lioncourt
502,Loki 
503,Louis de Pointe du Lac
504,Tom Ripley
505,Lisbeth Salander
506,Hikaru Sulu
507,Richie Tozier
508,Sadako Yamamura
509,Yukio 
510,Dick Tracy
511,Green Hornet
512,Lone Ranger
513,Fu Manchu
514,Buck Rogers
515,The Shadow
516,Superman
517,Zorro
518,Caesar 
519,Dr. Evil
520,Knuckles the Echidna
521,Freddy Krueger
522,Leatherface
523,Peter Quill 
524,Luke Skywalker
525,Laurie Strode
526,Tails 
527,Brian Griffin
528,Ariel 
529,Black Manta
530,Candyman 
531,Apollo Creed
532,Adonis Creed
533,Electro 
534,Dick Hallorann
535,Erik Killmonger
536,Kunta Kinte
537,Clubber Lang
538,Niobe 
539,James Rhodes 
540,Angel Salvadore
541,Tiana 
542,Nyota Uhura
543,Valkyrie 
544,Sam Wilson 
545,Mace Windu
546,John Connor
547,Elmo
548,Boba Fett
549,Little Red Riding Hood
550,Jamie Lloyd
551,Neville Longbottom
552,Regan MacNeil
553,Draco Malfoy
554,Michael Myers 
555,Peter Pan
556,Susan Pevensie
557,Pinocchio
558,Harry Potter 
559,Tom Sawyer
560,Anne Shirley
561,Tiny Tim 
562,Danny Torrance
563,Jason Voorhees
564,Ginny Weasley
565,The Blues Brothers 
566,Dumb and Dumber
567,Sholay
568,Extraterrestrial life
569,Predator 
570,Byomkesh Bakshi
571,Portrayal of James Bond in film
572,Cinderella 
573,Kristoff 
574,Vesper Lynd
575,Peeta Mellark
576,Inigo Montoya
577,Nebula 
578,Peter Parker 
579,Peter Parker 
580,Peter Parker 
581,Captain Phasma
582,Kyle Reese
583,Rey 
584,Steve Rogers 
585,Natasha Romanoff 
586,Han Solo
587,Tony Stark 
588,Superman 
589,Lord Voldemort
590,Bruce Wayne 
591,John Wick 
592,Peter Maximoff
593,Splinter 
594,Character 
595,Psychological
596,Puberty
597,Adult
598,Age of majority
599,Alex 
600,Cedric Diggory
601,Nancy Drew
602,Juliet
603,Daniel LaRusso
604,Johnny Lawrence 
605,Marty McFly
606,Laura Palmer
607,Sidney Prescott
608,Shaggy Rogers
609,Romeo
610,Gwen Stacy
611,Gwen Stacy 
612,Buffy Summers
613,Bella Swan
614,Biff Tannen
615,Mary Jane Watson
616,Fred and George Weasley
617,Actor
618,Film director
619,Screenwriter
620,Film producer
621,Film crew
622,Film genre
623,Cinematic techniques
624,Film studio
625,Filmmaking
626,Film editing
627,Special effect
628,Soundtrack
629,Anansi
630,Nasreddin
631,Nezha
632,Night hag
633,Folklore
634,Europe
635,Big Bad Wolf
636,Bogeyman
637,Cinderella
638,The Frog Prince
639,Hansel and Gretel
640,Krampus
641,Puss in Boots
642,Sandman
643,Shield-maiden
644,Sleeping Beauty
645,Snow White
646,Tooth fairy
647,The Ugly Duckling
648,Hero
649,Mythology
650,Legend
651,Paul Bunyan
652,El Cid
653,David
654,Elijah
655,Esther
656,Fionn mac Cumhaill
657,Ghost of Kyiv
658,Gilgamesh
659,Green Knight
660,John Henry 
661,Hercules
662,Lancelot
663,Michael 
664,Moses
665,Hua Mulan
666,Robin Hood
667,Samson
668,Sinbad the Sailor
669,William Tell
670,Vashti
671,Religion
672,Popular culture
673,La Calavera Catrina
674,Cupid
675,Ded Moroz
676,Jack Frost
677,Nisse 
678,Punxsutawney Phil
679,Santa Claus
680,Uncle Sam
681,Saint Valentine
682,Zwarte Piet
683,Joke
684,Baba Yaga
685,Mordred
686,Sheriff of Nottingham
687,Apotropaic magic
688,Backronym
689,Blue Whale Challenge
690,Common sense
691,Cooties
692,Dahomey Amazons
693,Emic and etic
694,English folklore
695,Evil eye
696,Fable
697,Fairy tale
698,Grotesque
699,Grotto
700,Here be dragons
701,Oral tradition
702,Parable
703,Shaggy dog story
704,Sin-eater
705,Snake wine
706,Social norm
707,Storytelling
708,Vagina dentata
709,Vernacular
710,Vernacular architecture
711,Wellerman
712,Gamer
713,Gamification
714,Balthazar 
715,Befana
716,Belsnickel
717,Caganer
718,Mrs. Claus
719,The Elf on the Shelf
720,Father Christmas
721,Frosty the Snowman
722,Gawain
723,Green Man
724,Little Jack Horner
725,The Little Match Girl
726,Jacob Marley
727,Saint Nicholas
728,The Nutcracker and the Mouse King
729,Rudolph the Red-Nosed Reindeer
730,Ebenezer Scrooge
731,"Wenceslaus I, Duke of Bohemia"
732,Leprechaun
733,Lupercalia
734,Saint Patrick
735,National personification
736,Federal government of the United States
737,United States
738,World War I
739,Holiday
740,Christmas Eve
741,Legendary creature
742,Monster Girl Doctor
743,Monster Musume
744,Siren 
745,Talos
746,Personification
747,Aether 
748,Amaterasu
749,Apep
750,Atum
751,Chronos
752,Gaia
753,Geb
754,Hemera
755,Inside Out 
756,Khepri
757,Khonsu
758,Maat
759,Mammon
760,Nut 
761,Ra
762,Shu 
763,Tartarus
764,Terra 
765,Thanatos
766,Tsukuyomi-no-Mikoto
767,.38 Special
768,.38 Super
769,.223 Remington
770,.243 Winchester
771,.380 ACP
772,.410 bore
773,0.999...
774,1st Infantry Division 
775,One Vanderbilt
776,1st Armored Division 
777,1st Cavalry Division 
778,1st Marine Division
779,1st millennium BC
780,Internet
781,Bowsette
782,Doomer
783,Leeroy Jenkins
784,NPC 
785,Nyan Cat
786,Overly Attached Girlfriend
787,Pepe the Frog
788,Pusheen
789,Slender Man
790,Waluigi
791,Computer network
792,Internet addiction disorder
793,Alpha and beta male
794,Anonymous 
795,ASMR
796,Avatar 
797,Fredrick Brennan
798,Cats and the Internet
799,Chat room
800,Clubhouse 
801,Copypasta
802,Cybersex
803,Darknet
804,Democratic Tsunami
805,Digital nomad
806,Doge 
807,Doomscrolling
808,Elsagate
809,Emoji
810,EncroChat
811,Fake news
812,Fake news website
813,Gay Nigger Association of America
814,Geek
815,Imageboard
816,Instant messaging
817,Kiwi Farms
818,Languages used on the Internet
819,Leet
820,Helen Lewis 
821,Manosphere
822,Men Going Their Own Way
823,Mukbang
824,Nerd
825,New media
826,Nightcore
827,Not safe for work
828,Online chat
829,Online shaming
830,Characters of Peter Pan
831,Nonfiction
832,Feluda
833,Wandering Jew
834,Don Juan
835,Don Quixote
836,Fagin
837,John Falstaff
838,Prince Hamlet
839,Jungian archetypes
840,Mary Sue
841,Merlin
842,Morgan le Fay
843,Prospero
844,The Scarlet Pimpernel
845,Shylock
846,Trickster
847,Alia Atreides
848,Tommen Baratheon
849,Alison DiLaurentis
850,Flat Stanley
851,The Hardy Boys
852,Jenny Humphrey
853,Percy Jackson
854,The Little Prince
855,Madeline
856,Miffy
857,Mowgli
858,The Ant and the Grasshopper
859,Gargantua and Pantagruel
860,Heer Ranjha
861,Dr. Jekyll and Mr. Hyde 
862,Layla and Majnun
863,Peter and the Wolf
864,Romeo and Juliet
865,Rosencrantz and Guildenstern
866,The Scorpion and the Frog
867,The Tortoise and the Hare
868,Tristan and Iseult
869,The Twits
870,Literature
871,Hannah Baker
872,Madame Bovary
873,Brienne of Tarth
874,Chani 
875,Mrs Dalloway
876,Jane Eyre
877,Mina Harker
878,Fanny Hill
879,Achilles and Patroclus
880,Chuck Bass
881,Pussy Galore
882,Lord John Grey 
883,Dan Humphrey
884,Oberyn Martell
885,Villanelle 
886,Captain Ahab
887,Aladdin
888,Babar the Elephant
889,Petyr Baelish
890,Darth Bane
891,Joffrey Baratheon
892,Robert Baratheon
893,Stannis Baratheon
894,Patrick Bateman
895,Big Brother 
896,Gilbert Blythe
897,Ramsay Bolton
898,Boromir
899,Harry Bosch
900,Father Brown
901,Billy Budd
902,Candide
903,Holden Caulfield
904,Anton Chigurh
905,Frederick Chilton
906,Gregor Clegane
907,Sandor Clegane
908,Conan the Barbarian
909,Michael Corleone
910,Vito Corleone
911,Robinson Crusoe
912,Piter De Vries
913,Baron Munchausen
914,Factitious disorder imposed on self
915,Francis Dolarhyde
916,Claire Fraser 
917,Claude Frollo
918,Joe Goldberg
919,Tom Hagen
920,Beth Harmon
921,Heathcliff 
922,Hannibal Lecter
923,Dexter Morgan
924,Paddington Bear
925,Quasimodo
926,Jon Snow 
927,Sookie Stackhouse
928,Sansa Stark
929,Clarice Starling
930,Daenerys Targaryen
931,Scientist
932,Victor Frankenstein
933,Professor Moriarty
934,Abraham Van Helsing
935,Enkidu
936,Renfield
937,Antihero
938,Archenemy
939,Barbarian
940,Berserker
941,Caveman
942,Clown
943,Everyman
944,Evil clown
945,Feral child
946,Girl next door
947,Gunfighter
948,Harlequin
949,Magical Negro
950,Men in black
951,Miser
952,Noble savage
953,Paladin
954,Scaramouche
955,Straight man
956,Supervillain
957,Swashbuckler
958,Tokenism
959,White savior narrative in film
960,Zombie
961,Adolescence
962,Blair Waldorf
963,Serena van der Woodsen
964,Cthulhu
965,Death Eater
966,It 
967,Morlock
968,Shoggoth
969,SPECTRE
970,White Walker
971,The League of Extraordinary Gentlemen
972,Ophelia 
973,Library catalog
974,Library classification
975,Dewey Decimal Classification
976,Library of Congress Classification
977,Allusion
978,Epilogue
979,Film adaptation
980,Introduction 
981,Literary genre
982,Perverse incentive
983,Poetry
984,Proverb
985,Soliloquy
986,Western canon
987,The Adventures of Pinocchio
988,Randy Feltface
989,Lamb Chop 
990,Punch and Judy
991,Basil Brush
992,Lucian
993,Marcus Aurelius
994,Alan Moore
995,The Muppet Show
996,Sesame Street
997,Puppetry
998,Marionette
999,Puppet
1000,Doll
1001,Human
1002,Humanoid
1003,Toy
1004,The Island of the Dolls
1005,Reborn doll
1006,Troll doll
1007,Voodoo doll
1008,The Archers
1009,The Adventures of Ozzie and Harriet
1010,Opie and Anthony
1011,The Green Hornet 
1012,Bruce Lee
1013,Alan Partridge
1014,Frasier Crane
1015,Karen Page
1016,Tobias Forge
1017,Chris Gaines
1018,Hatsune Miku
1019,Ziggy Stardust 
1020,Major Tom
1021,Chris Hadfield
1022,Major Tom 
1023,Space Oddity
1024,Colleen Ballinger
1025,David Bowie
1026,Alice Cooper
1027,Peter Criss
1028,Eminem
1029,Ace Frehley
1030,Nicki Minaj
1031,Gene Simmons
1032,Paul Stanley
1033,Conchita Wurst
1034,Emmett Brown
1035,Rabbit of Caerbannog
1036,Wicked Witch of the West
1037,Wizard of Oz 
1038,Music
1039,Album era
1040,Extended play
1041,Phonograph record
1042,LP record
1043,Music download
1044,Muzak
1045,Sleeper hit
1046,Television series
1047,The Armorer
1048,Dr. Teeth and the Electric Mayhem
1049,Emily Prentiss
1050,Jasmine 
1051,Bo-Katan Kryze
1052,Lady of the Lake
1053,Cersei Lannister
1054,The Master 
1055,Melisandre
1056,Nico Minoru
1057,Missandei
1058,Morgause
1059,Raquel Murillo
1060,Nairobi 
1061,Nia Nal
1062,Number One 
1063,Miss Piggy
1064,Nurse Ratched
1065,Rita Repulsa
1066,Rogue 
1067,Ruby 
1068,Seven of Nine
1069,Fennec Shand
1070,Television
1071,Animal 
1072,Bane 
1073,Cad Bane
1074,Beaker 
1075,Bender 
1076,Berlin 
1077,Billy Butcher
1078,Castiel 
1079,Cigarette Smoking Man
1080,Clone trooper
1081,Crowley 
1082,Davros
1083,Andrew DeLuca
1084,Anthony DiNozzo
1085,Eleventh Doctor
1086,Carmine Falcone
1087,Fifteenth Doctor
1088,Fifth Doctor
1089,First Doctor
1090,Fourteenth Doctor
1091,Fourth Doctor
1092,Gus Fring
1093,Ali G
1094,Dirk Gently
1095,Moff Gideon
1096,Gonzo 
1097,Theon Greyjoy
1098,Grogu
1099,Phoebe Buffay
1100,Lawrence Kutner 
1101,Lana Lang 
1102,Erin Lindsay
1103,Man in Black 
1104,Fox Mulder
1105,Herman Munster
1106,Maggie Pierce
1107,Abby Sciuto
1108,Lance Sweets
1109,Worf
1110,Greef Karga
1111,Geordi La Forge
1112,Will Byers
1113,Sheldon Cooper
1114,Wesley Crusher
1115,Eleven 
1116,Fred Figglehorn
1117,Indiana Jones 
1118,2 Broke Girls
1119,Bert and Ernie
1120,Broad City
1121,Chico and the Man
1122,Cow and Chicken
1123,Detectorists
1124,The Dukes of Hazzard
1125,Grace and Frankie
1126,Green Eggs and Ham 
1127,Jake and the Fatman
1128,Bob and Doug McKenzie
1129,Shimmer and Shine
1130,"Sister, Sister "
1131,Statler and Waldorf
1132,Steptoe and Son
1133,Tony DiNozzo and Ziva David
1134,Roger 
1135,Tenth Doctor
1136,Thirteenth Doctor
1137,War Doctor
1138,Erica Hahn
1139,Miranda Hobbes
1140,Samantha Jones 
1141,Sara Lance
1142,Lexa 
1143,Omar Little
1144,Lucifer 
1145,Negative Man
1146,Eric Northman
1147,Arizona Robbins
1148,Asami Sato
1149,River Song 
1150,Sylvie 
1151,Thirteen 
1152,Callie Torres
1153,Frank Underwood 
1154,Tiffany Valentine
1155,Xena
1156,Aladdin 
1157,Alif Laila
1158,Ghoul 
1159,Hatim 
1160,I Dream of Jeannie
1161,Mashin Sentai Kiramager
1162,Power Rangers Mystic Force
1163,Yehh Jadu Hai Jinn Ka!
1164,Michael Burnham
1165,Arya Stark
1166,Bran Stark
1167,Asajj Ventress
1168,Bruce Wayne 
1169,Tasha Yar
1170,Companion 
1171,Barney Fife
1172,Petri Hawkins-Byrd
1173,Kuiil
1174,Porky Pig
1175,Willow Rosenberg
1176,Sideshow Bob
1177,Butters Stotch
1178,Telecommunication
1179,Technology
1180,Broadcasting
1181,Video
1182,Sound
1183,Blackface
1184,Mephistopheles
1185,Characters in Romeo and Juliet
1186,Lothario
1187,Tartuffe
1188,Tony Clifton
1189,Dame Edna Everage
1190,Flight of the Conchords
1191,Pee-wee Herman
1192,Madea
1193,Theatre
1194,Benkei
1195,Ishikawa Goemon
1196,Minamoto no Yoshitsune
1197,Minamoto no Yoritomo
1198,Toyotomi Hideyoshi
1199,Uncle Vanya
1200,Performing arts
1201,Acting
1202,Opera
1203,Ballet
1204,Mime artist
1205,Kabuki
1206,Improvisational theatre
1207,Pantomime
1208,Break a leg
1209,Casting 
1210,Method acting
1211,Mimesis
1212,Performance art
1213,Street performance
1214,Midge 
1215,Mannequin
1216,Jessie 
1217,Buzz Lightyear
1218,Noddy 
1219,Tar-Baby
1220,Woody 
1221,Hasbro
1222,Mr. Potato Head
1223,Anime
1224,Sumikko Gurashi
1225,Sanrio
1226,Aggretsuko
1227,Cinnamoroll
1228,Gudetama
1229,Mr. Men
1230,Toy Story 
1231,Pixar
1232,Autobot
1233,Decepticon
1234,Megatron
1235,Optimus Prime
1236,Starscream
1237,Unicron
1238,Bandai
1239,FAO Schwarz
1240,Happy Meal
1241,Hot Wheels
1242,Lego
1243,Matchbox 
1244,Mattel
1245,My Little Pony
1246,Sea-Monkeys
1247,Teddy Ruxpin
1248,Fiction
1249,Aqua Teen Hunger Force
1250,The Gingerbread Man
1251,Office Assistant
1252,Sausage Party
1253,Coonskin 
1254,Song of the South
1255,Splash Mountain
1256,Chipmunk
1257,Disney Princess
1258,Flynn Rider
1259,Anthropomorphism
1260,American Pekin
1261,Donkey Kong 
1262,Genie 
1263,Scar 
1264,Horton Hears a Who!
1265,Horton Hears a Who! 
1266,20th Century Fox
1267,Mouse
1268,Boomhauer
1269,Ezra Bridger
1270,Cleveland Brown
1271,Mr. Burns
1272,Count Dooku
1273,Firefly 
1274,General Grievous
1275,Hank Hill
1276,Kanan Jarrus
1277,Manga
1278,Misa Amane
1279,Rei Ayanami
1280,Chibiusa
1281,Sakura Haruno
1282,Hinata Hyuga
1283,Misato Katsuragi
1284,Motoko Kusanagi
1285,Nami 
1286,Nico Robin
1287,Sailor Uranus
1288,Asuka Langley Soryu
1289,Sarada Uchiha
1290,Zero Two
1291,Who Framed Roger Rabbit
1292,Aurora 
1293,Mulan 
1294,Rapunzel 
1295,Sandy Cheeks
1296,Mirabel Madrigal
1297,Princess Peach
1298,Lisa Simpson
1299,Marge Simpson
1300,Ursula 
1301,Cruella de Vil
1302,Luz Noceda
1303,Scarlett 
1304,Maggie Simpson
1305,Ahsoka Tano
1306,Michael Demiurgos
1307,Jimmy Olsen
1308,Alfred Pennyworth
1309,Shazam 
1310,Thomas Wayne
1311,Italy
1312,Image Comics
1313,Beta 
1314,The Governor 
1315,Rick Grimes
1316,Morgan Jones 
1317,Negan
1318,Glenn Rhee
1319,Shane Walsh 
1320,Ancient One
1321,Uncle Ben
1322,Punisher
1323,Scrooge McDuck
1324,Comic strip
1325,Little Nemo
1326,Slumberland 
1327,Sioux
1328,Native Americans in the United States
1329,Animal
1330,Captain Marvel 
1331,Dazzler 
1332,Gwenpool
1333,Isis 
1334,Ms. Marvel
1335,Darna 
1336,Amazons 
1337,Martha Wayne
1338,Iris West
1339,Alpha 
1340,Andrea 
1341,Rosita Espinosa
1342,Maggie Greene
1343,Michonne
1344,Carol Peletier
1345,Sophia Peletier
1346,Betty Brant
1347,Death 
1348,Agatha Harkness
1349,Madame Web
1350,Aunt May
1351,Anthropomorphic
1352,Polka dot
